game,rom_sha1,name,kind,address,base,offset,size,count,value,description,verified,how,source
BN5 Team Colonel (USA),5f472f78d8de2df01d5039e045c043cb40969a39,BN5_CHIP_KEYS,ram,0x02001440,,,,,,a key byte per chip id,,,src/emu/bn5.h:39
BN5 Team Colonel (USA),5f472f78d8de2df01d5039e045c043cb40969a39,BN5_METER_KEY,ram,0x02002338,,,,,,the u32 the meter's check is XORed with,,,src/emu/bn5.h:54
BN5 Team Colonel (USA),5f472f78d8de2df01d5039e045c043cb40969a39,BN5_GAMESTATE,ram,0x02002940,,,,,,"+0 the sub-mode: 4 on the map, 8 a battle beginning, 0xC in battle; +0x1C the battle's record",docs/ROM_DATA.md:55 (BN5 guest battles),"Verify: in `tools/romlab` with BN5's ROM, a state in Lan's room (title, START, NEW GAME, A through the intro), the record `00 36 15 00 00 00 38 00 E2 49 00 00` with an entity list `00 22 00 00 11 25 01 00 F0` and the patch: the next frame is a battle with a Mettaur (enemy id 1, 40 HP); in the game, a BN5 layer whose area names its records (`xbattles`) fights BN5's own formations (group 0x80 map 0: Champy and Mettaur on a yellow field).",src/emu/bn5.h:9
BN5 Team Colonel (USA),5f472f78d8de2df01d5039e045c043cb40969a39,bn5_souls,ram,0x020029F8,,,,,,BN5's Souls,docs/ROM_DATA.md:62 (BN5's Souls),"Verified in romlab from Lan's room after the intro, a folder of AirHoc Q (Break) owned: with KnightMan's flag 0x000C alone no UNITE stood; with flag 0x0000 too UNITE stood grey under OK, lit with an AirHoc picked, and UNITE then OK united MegaMan with KnightMan's Soul; with flag 0x0236 and DarkDril D picked, Chaos Unison, its charged shot the DarkDril's drill.",docs/ROM_DATA.md:62
BN5 Team Colonel (USA),5f472f78d8de2df01d5039e045c043cb40969a39,BN5_NAVI_STATS,ram,0x020052A8,,,,,,"MegaMan's NaviStats (eToolkit +0x74): 0x60 bytes, as BN6's 0x64 laid out",,,src/emu/bn5.h:16
BN5 Team Colonel (USA),5f472f78d8de2df01d5039e045c043cb40969a39,BN5_NAVI_ATTACK,field,0x020052A9,BN5_NAVI_STATS,0x01,1,,,"u8 Attack, Speed and Charge: the buster's levels less one (0-4), as BN6's (BN6_NAVI_ATTACK):",docs/ROM_DATA.md:60 (The run's buster in BN5's battles),"Verify in the game: an Attack+1 run (seed 6's layer-1 gift with `--run-depth 1 --net-biome x0`, placed and RUN in the NaviCust, STATUS then showing Attack LV 2) prints ""guest: battle ..., buster Attack 2, Speed 1, Charge 1"" and ""guest: its battle's buster Attack 2, Speed 1, Charge 1"" with `CYBERWORLD_EMU_DEBUG=1`, and its first shot takes a Mettaur from 40 HP to 38.",src/emu/bn5.h:31
BN5 Team Colonel (USA),5f472f78d8de2df01d5039e045c043cb40969a39,BN5_NAVI_SPEED,field,0x020052AA,BN5_NAVI_STATS,0x02,,,,"a shot does Attack + 1 (0x0800F538), a charged one ten times that (0x0800F5B4); Charge picks",docs/ROM_DATA.md:60 (The run's buster in BN5's battles),"Verify in the game: an Attack+1 run (seed 6's layer-1 gift with `--run-depth 1 --net-biome x0`, placed and RUN in the NaviCust, STATUS then showing Attack LV 2) prints ""guest: battle ..., buster Attack 2, Speed 1, Charge 1"" and ""guest: its battle's buster Attack 2, Speed 1, Charge 1"" with `CYBERWORLD_EMU_DEBUG=1`, and its first shot takes a Mettaur from 40 HP to 38.",src/emu/bn5.h:32
BN5 Team Colonel (USA),5f472f78d8de2df01d5039e045c043cb40969a39,BN5_NAVI_CHARGE,field,0x020052AB,BN5_NAVI_STATS,0x03,,,,"the charge's frames, 100 down to 60 (0x08010682, its table 0x0801CA68); its boot state 0, 0, 0",docs/ROM_DATA.md:60 (The run's buster in BN5's battles),"Verify in the game: an Attack+1 run (seed 6's layer-1 gift with `--run-depth 1 --net-biome x0`, placed and RUN in the NaviCust, STATUS then showing Attack LV 2) prints ""guest: battle ..., buster Attack 2, Speed 1, Charge 1"" and ""guest: its battle's buster Attack 2, Speed 1, Charge 1"" with `CYBERWORLD_EMU_DEBUG=1`, and its first shot takes a Mettaur from 40 HP to 38.",src/emu/bn5.h:33
BN5 Team Colonel (USA),5f472f78d8de2df01d5039e045c043cb40969a39,BN5_NAVI_MOOD,field,0x020052B6,BN5_NAVI_STATS,0x0E,1,,,u8: the mood a battle starts from where 0xFF; 0x80 calm,,,src/emu/bn5.h:51
BN5 Team Colonel (USA),5f472f78d8de2df01d5039e045c043cb40969a39,BN5_NAVI_FOLDER,field,0x020052D5,BN5_NAVI_STATS,0x2D,1,,,u8: the folder MegaMan fights with (0 the first),,,src/emu/bn5.h:30
BN5 Team Colonel (USA),5f472f78d8de2df01d5039e045c043cb40969a39,BN5_NAVI_BASE_MAX_HP,field,0x020052E6,BN5_NAVI_STATS,0x3E,2,,,u16: the max HP before HPMemory and programs,,,src/emu/bn5.h:17
BN5 Team Colonel (USA),5f472f78d8de2df01d5039e045c043cb40969a39,BN5_NAVI_HP,field,0x020052E8,BN5_NAVI_STATS,0x40,2,,,"u16 CurHP, then +0x42 MaxHP",,,src/emu/bn5.h:18
BN5 Team Colonel (USA),5f472f78d8de2df01d5039e045c043cb40969a39,BN5_NAVI_MAX_HP,field,0x020052EA,BN5_NAVI_STATS,0x42,2,,,"u16 CurHP, then +0x42 MaxHP",,,src/emu/bn5.h:19
BN5 Team Colonel (USA),5f472f78d8de2df01d5039e045c043cb40969a39,BN5_NAVI_METER,field,0x020052EC,BN5_NAVI_STATS,0x44,2,,,"u16: the dark meter, 500 neutral (below 470 battles start dark)",,,src/emu/bn5.h:52
BN5 Team Colonel (USA),5f472f78d8de2df01d5039e045c043cb40969a39,BN5_TOOLKIT,ram,0x0200A440,,,,,,"eToolkit: +0 points at the main mode's index (4 the game, 0x14 its GAME OVER)",docs/ROM_DATA.md:55 (BN5 guest battles),"Verify: in `tools/romlab` with BN5's ROM, a state in Lan's room (title, START, NEW GAME, A through the intro), the record `00 36 15 00 00 00 38 00 E2 49 00 00` with an entity list `00 22 00 00 11 25 01 00 F0` and the patch: the next frame is a battle with a Mettaur (enemy id 1, 40 HP); in the game, a BN5 layer whose area names its records (`xbattles`) fights BN5's own formations (group 0x80 map 0: Champy and Mettaur on a yellow field).",src/emu/bn5.h:7
BN5 Team Colonel (USA),5f472f78d8de2df01d5039e045c043cb40969a39,BN5_TOOLKIT_GAMESTATE,field,0x0200A47C,BN5_TOOLKIT,0x3C,,,,eToolkit +0x3C: the game state,docs/ROM_DATA.md:55 (BN5 guest battles),"Verify: in `tools/romlab` with BN5's ROM, a state in Lan's room (title, START, NEW GAME, A through the intro), the record `00 36 15 00 00 00 38 00 E2 49 00 00` with an entity list `00 22 00 00 11 25 01 00 F0` and the patch: the next frame is a battle with a Mettaur (enemy id 1, 40 HP); in the game, a BN5 layer whose area names its records (`xbattles`) fights BN5's own formations (group 0x80 map 0: Champy and Mettaur on a yellow field).",src/emu/bn5.h:8
BN5 Team Colonel (USA),5f472f78d8de2df01d5039e045c043cb40969a39,BN5_TOOLKIT_FLAGS,field,0x0200A484,BN5_TOOLKIT,0x44,,,,"eToolkit +0x44: its event flags (0x020029F8), flag f in byte f >> 3, bit 0x80 >> (f & 7)",docs/ROM_DATA.md:62 (BN5's Souls),"Verified in romlab from Lan's room after the intro, a folder of AirHoc Q (Break) owned: with KnightMan's flag 0x000C alone no UNITE stood; with flag 0x0000 too UNITE stood grey under OK, lit with an AirHoc picked, and UNITE then OK united MegaMan with KnightMan's Soul; with flag 0x0236 and DarkDril D picked, Chaos Unison, its charged shot the DarkDril's drill.",src/emu/bn5.h:103
BN5 Team Colonel (USA),5f472f78d8de2df01d5039e045c043cb40969a39,BN5_TOOLKIT_CHIPS,field,0x0200A488,BN5_TOOLKIT,0x48,,,,"eToolkit +0x48: the folders (0x02002DF4), 30 u16 each (chip | code << 9), 0x3C apart",docs/ROM_DATA.md:55 (BN5 guest battles),"Verify: in `tools/romlab` with BN5's ROM, a state in Lan's room (title, START, NEW GAME, A through the intro), the record `00 36 15 00 00 00 38 00 E2 49 00 00` with an entity list `00 22 00 00 11 25 01 00 F0` and the patch: the next frame is a battle with a Mettaur (enemy id 1, 40 HP); in the game, a BN5 layer whose area names its records (`xbattles`) fights BN5's own formations (group 0x80 map 0: Champy and Mettaur on a yellow field).",src/emu/bn5.h:37
BN5 Team Colonel (USA),5f472f78d8de2df01d5039e045c043cb40969a39,BN5_TOOLKIT_CHIP_MARKS,field,0x0200A4C0,BN5_TOOLKIT,0x80,,,,"eToolkit +0x80 (0x02005CC4): a byte per chip id, its key XOR BN5_CHIP_KEY_XOR where owned",docs/ROM_DATA.md:55 (BN5 guest battles),"Verify: in `tools/romlab` with BN5's ROM, a state in Lan's room (title, START, NEW GAME, A through the intro), the record `00 36 15 00 00 00 38 00 E2 49 00 00` with an entity list `00 22 00 00 11 25 01 00 F0` and the patch: the next frame is a battle with a Mettaur (enemy id 1, 40 HP); in the game, a BN5 layer whose area names its records (`xbattles`) fights BN5's own formations (group 0x80 map 0: Champy and Mettaur on a yellow field).",src/emu/bn5.h:38
BN5 Team Colonel (USA),5f472f78d8de2df01d5039e045c043cb40969a39,BN5_TOOLKIT_METER_CHECK,field,0x0200A4D4,BN5_TOOLKIT,0x94,,,,"eToolkit +0x94: the meter XOR the u32 at BN5_METER_KEY, or the meter resets to 500",docs/ROM_DATA.md:55 (BN5 guest battles),"Verify: in `tools/romlab` with BN5's ROM, a state in Lan's room (title, START, NEW GAME, A through the intro), the record `00 36 15 00 00 00 38 00 E2 49 00 00` with an entity list `00 22 00 00 11 25 01 00 F0` and the patch: the next frame is a battle with a Mettaur (enemy id 1, 40 HP); in the game, a BN5 layer whose area names its records (`xbattles`) fights BN5's own formations (group 0x80 map 0: Champy and Mettaur on a yellow field).",src/emu/bn5.h:53
BN5 Team Colonel (USA),5f472f78d8de2df01d5039e045c043cb40969a39,BN5_BATTLE_RESULT,ram,0x0200AEE8,,,,,,"+1 how the last battle ended: 1 won, 2 lost, 4 escaped (BN6's 0x0200A008)",,,src/emu/bn5.h:20
BN5 Team Colonel (USA),5f472f78d8de2df01d5039e045c043cb40969a39,BN5_REWARD,field,0x0200AEEC,BN5_BATTLE_RESULT,0x04,2,,,"u16: what the results screen gave, as BN6's rewards are (bits 14-15: 0 a chip, its id and code << 9; 1 zenny; ... 2 HP restored on the results screen, into BattleState +0x34 too: ""HP+50"")",,,src/emu/bn5.h:21
BN5 Team Colonel (USA),5f472f78d8de2df01d5039e045c043cb40969a39,BN5_BATTLE_STATE,ram,0x02034A90,,,,,,"BattleState: +1 the battle's phase (8 the Custom screen, 0xC fighting, 0x10 over)",,,src/emu/bn5.h:58
BN5 Team Colonel (USA),5f472f78d8de2df01d5039e045c043cb40969a39,BN5_BATTLE_PHASE,field,0x02034A91,BN5_BATTLE_STATE,0x01,,,,"the battle's phase: 8 the Custom screen, 0xC fighting, 0x10 over",,,src/emu/bn5.h:59
BN5 Team Colonel (USA),5f472f78d8de2df01d5039e045c043cb40969a39,BN5_BATTLE_SIDE,field,0x02034A9D,BN5_BATTLE_STATE,0x0D,1,,,u8: MegaMan's side,,,src/emu/bn5.h:55
BN5 Team Colonel (USA),5f472f78d8de2df01d5039e045c043cb40969a39,BN5_BATTLE_HP,field,0x02034AC4,BN5_BATTLE_STATE,0x34,2,,,"u16: MegaMan's HP as the battle ends, to copy back (0 deleted)",,,src/emu/bn5.h:64
BN5 Team Colonel (USA),5f472f78d8de2df01d5039e045c043cb40969a39,BN5_BATTLE_TIMER,field,0x02034AD0,BN5_BATTLE_STATE,0x40,4,,,"u32, the frames fought: held on the Custom screen, through BATTLE START! and the results (BN6_BATTLE_TIMER)",docs/ROM_DATA.md:56 (BN5's battle for the autopilot and the dev switches),"Verify: with BN5 beside BN6, `CYBERWORLD_AUTOPILOT=1 CYBERWORLD_EMU_DEBUG=1 build.py shot --scene emu --run-depth 1 --net-biome x0 --seed 1 --frames 6000` wins its guest battle at 100 HP (Cannon on the Mettaur, the buster on the Powie; where the button pattern the autopilot pressed before was deleted), and the battle step with `--dev quiet,onehit` shows its viruses at 1 HP on the first Custom screen.",src/emu/bn5.h:70
BN5 Team Colonel (USA),5f472f78d8de2df01d5039e045c043cb40969a39,BN5_SOULS_USED,ram,0x02034E10,,,,,,"u32: bit k Soul k united this battle, bit 16 + k its Chaos Unison (each once a battle)",docs/ROM_DATA.md:62 (BN5's Souls),"Verified in romlab from Lan's room after the intro, a folder of AirHoc Q (Break) owned: with KnightMan's flag 0x000C alone no UNITE stood; with flag 0x0000 too UNITE stood grey under OK, lit with an AirHoc picked, and UNITE then OK united MegaMan with KnightMan's Soul; with flag 0x0236 and DarkDril D picked, Chaos Unison, its charged shot the DarkDril's drill.",src/emu/bn5.h:107
BN5 Team Colonel (USA),5f472f78d8de2df01d5039e045c043cb40969a39,BN5_CUSTOM_WINDOW,ram,0x020356F2,,,,,,"0x020356E0 + 0x12: the Custom screen's window as it slides in, 0 to BN5_WINDOW_OPEN (BN6_CUSTOM_WINDOW)",docs/ROM_DATA.md:56 (BN5's battle for the autopilot and the dev switches),"Verify: with BN5 beside BN6, `CYBERWORLD_AUTOPILOT=1 CYBERWORLD_EMU_DEBUG=1 build.py shot --scene emu --run-depth 1 --net-biome x0 --seed 1 --frames 6000` wins its guest battle at 100 HP (Cannon on the Mettaur, the buster on the Powie; where the button pattern the autopilot pressed before was deleted), and the battle step with `--dev quiet,onehit` shows its viruses at 1 HP on the first Custom screen.",src/emu/bn5.h:83
BN5 Team Colonel (USA),5f472f78d8de2df01d5039e045c043cb40969a39,BN5_CUSTOM_GAUGE,ram,0x02035700,,,,,,"u16, the Custom gauge, full at 0x4000 (its SetCustGauge 0x0801A88E: 0x020356E0 + 0x20, as BN6's)",docs/ROM_DATA.md:55 (BN5 guest battles),"Verify: in `tools/romlab` with BN5's ROM, a state in Lan's room (title, START, NEW GAME, A through the intro), the record `00 36 15 00 00 00 38 00 E2 49 00 00` with an entity list `00 22 00 00 11 25 01 00 F0` and the patch: the next frame is a battle with a Mettaur (enemy id 1, 40 HP); in the game, a BN5 layer whose area names its records (`xbattles`) fights BN5's own formations (group 0x80 map 0: Champy and Mettaur on a yellow field).",src/emu/bn5.h:63
BN5 Team Colonel (USA),5f472f78d8de2df01d5039e045c043cb40969a39,BN5_CUSTOM_SCREEN,ram,0x02036B10,,,,,,"the Custom screen's state, BN6_CUSTOM_SCREEN's:",docs/ROM_DATA.md:56 (BN5's battle for the autopilot and the dev switches),"Verify: with BN5 beside BN6, `CYBERWORLD_AUTOPILOT=1 CYBERWORLD_EMU_DEBUG=1 build.py shot --scene emu --run-depth 1 --net-biome x0 --seed 1 --frames 6000` wins its guest battle at 100 HP (Cannon on the Mettaur, the buster on the Powie; where the button pattern the autopilot pressed before was deleted), and the battle step with `--dev quiet,onehit` shows its viruses at 1 HP on the first Custom screen.",src/emu/bn5.h:79
BN5 Team Colonel (USA),5f472f78d8de2df01d5039e045c043cb40969a39,BN5_CUSTOM_HAND,field,0x02036B16,BN5_CUSTOM_SCREEN,0x06,,,,"the chips it offers, the first of BN5_BATTLE_DECK",docs/ROM_DATA.md:56 (BN5's battle for the autopilot and the dev switches),"Verify: with BN5 beside BN6, `CYBERWORLD_AUTOPILOT=1 CYBERWORLD_EMU_DEBUG=1 build.py shot --scene emu --run-depth 1 --net-biome x0 --seed 1 --frames 6000` wins its guest battle at 100 HP (Cannon on the Mettaur, the buster on the Powie; where the button pattern the autopilot pressed before was deleted), and the battle step with `--dev quiet,onehit` shows its viruses at 1 HP on the first Custom screen.",src/emu/bn5.h:80
BN5 Team Colonel (USA),5f472f78d8de2df01d5039e045c043cb40969a39,BN5_CUSTOM_CURSOR,field,0x02036B17,BN5_CUSTOM_SCREEN,0x07,,,,"the slot under the cursor, 0-4 the top row, BN6_CUSTOM_OK on OK",docs/ROM_DATA.md:56 (BN5's battle for the autopilot and the dev switches),"Verify: with BN5 beside BN6, `CYBERWORLD_AUTOPILOT=1 CYBERWORLD_EMU_DEBUG=1 build.py shot --scene emu --run-depth 1 --net-biome x0 --seed 1 --frames 6000` wins its guest battle at 100 HP (Cannon on the Mettaur, the buster on the Powie; where the button pattern the autopilot pressed before was deleted), and the battle step with `--dev quiet,onehit` shows its viruses at 1 HP on the first Custom screen.",src/emu/bn5.h:81
BN5 Team Colonel (USA),5f472f78d8de2df01d5039e045c043cb40969a39,BN5_CUSTOM_PICKED,field,0x02036B18,BN5_CUSTOM_SCREEN,0x08,,,,the chips picked,docs/ROM_DATA.md:56 (BN5's battle for the autopilot and the dev switches),"Verify: with BN5 beside BN6, `CYBERWORLD_AUTOPILOT=1 CYBERWORLD_EMU_DEBUG=1 build.py shot --scene emu --run-depth 1 --net-biome x0 --seed 1 --frames 6000` wins its guest battle at 100 HP (Cannon on the Mettaur, the buster on the Powie; where the button pattern the autopilot pressed before was deleted), and the battle step with `--dev quiet,onehit` shows its viruses at 1 HP on the first Custom screen.",src/emu/bn5.h:82
BN5 Team Colonel (USA),5f472f78d8de2df01d5039e045c043cb40969a39,BN5_CUSTOM_UNITE,ram,0x02036C94,,,,,,"the Custom screen's UNITE (its element 0xB, 12 bytes): +0 2 where it stands, +5 the Soul the last chip picked unites, +6 1 for Chaos Unison, +7 0 ready, 1 grey, 2 chosen",docs/ROM_DATA.md:62 (BN5's Souls),"Verified in romlab from Lan's room after the intro, a folder of AirHoc Q (Break) owned: with KnightMan's flag 0x000C alone no UNITE stood; with flag 0x0000 too UNITE stood grey under OK, lit with an AirHoc picked, and UNITE then OK united MegaMan with KnightMan's Soul; with flag 0x0236 and DarkDril D picked, Chaos Unison, its charged shot the DarkDril's drill.",src/emu/bn5.h:108
BN5 Team Colonel (USA),5f472f78d8de2df01d5039e045c043cb40969a39,BN5_FIELD_PANELS,ram,0x0203A100,,,36,,,"its field's panels, 8 a row from column 0, rows 0-4, each ... this long (BN6's 0x20): type and alliance at BN6_PANEL_TYPE and BN6_PANEL_ALLIANCE, ... and its flags here, u32 (BN6's at +0x14), BN6_PANEL_STRUCK while an enemy's attack is on it",docs/ROM_DATA.md:56 (BN5's battle for the autopilot and the dev switches),"Verify: with BN5 beside BN6, `CYBERWORLD_AUTOPILOT=1 CYBERWORLD_EMU_DEBUG=1 build.py shot --scene emu --run-depth 1 --net-biome x0 --seed 1 --frames 6000` wins its guest battle at 100 HP (Cannon on the Mettaur, the buster on the Powie; where the button pattern the autopilot pressed before was deleted), and the battle step with `--dev quiet,onehit` shows its viruses at 1 HP on the first Custom screen.",src/emu/bn5.h:76
BN5 Team Colonel (USA),5f472f78d8de2df01d5039e045c043cb40969a39,BN5_PANEL_FLAGS,field,0x0203A118,BN5_FIELD_PANELS,0x18,,,,"its field's panels, 8 a row from column 0, rows 0-4, each ... this long (BN6's 0x20): type and alliance at BN6_PANEL_TYPE and BN6_PANEL_ALLIANCE, ... and its flags here, u32 (BN6's at +0x14), BN6_PANEL_STRUCK while an enemy's attack is on it",docs/ROM_DATA.md:56 (BN5's battle for the autopilot and the dev switches),"Verify: with BN5 beside BN6, `CYBERWORLD_AUTOPILOT=1 CYBERWORLD_EMU_DEBUG=1 build.py shot --scene emu --run-depth 1 --net-biome x0 --seed 1 --frames 6000` wins its guest battle at 100 HP (Cannon on the Mettaur, the buster on the Powie; where the button pattern the autopilot pressed before was deleted), and the battle step with `--dev quiet,onehit` shows its viruses at 1 HP on the first Custom screen.",src/emu/bn5.h:78
BN5 Team Colonel (USA),5f472f78d8de2df01d5039e045c043cb40969a39,BN5_T1_OBJECTS,ram,0x0203B200,,,,16,,"its viruses and MegaMan (BattleObject, BN6_T1_SIZE each, BN6_T1_* its fields; MegaMan the first), ... 16 of them where BN6 keeps 32 (its list's descriptor at 0x080032E4)",docs/ROM_DATA.md:56 (BN5's battle for the autopilot and the dev switches),"Verify: with BN5 beside BN6, `CYBERWORLD_AUTOPILOT=1 CYBERWORLD_EMU_DEBUG=1 build.py shot --scene emu --run-depth 1 --net-biome x0 --seed 1 --frames 6000` wins its guest battle at 100 HP (Cannon on the Mettaur, the buster on the Powie; where the button pattern the autopilot pressed before was deleted), and the battle step with `--dev quiet,onehit` shows its viruses at 1 HP on the first Custom screen.",src/emu/bn5.h:71
BN5 Team Colonel (USA),5f472f78d8de2df01d5039e045c043cb40969a39,BN5_FIGHT_HP,ram,0x0203B224,,,,,,"u16: MegaMan's HP while the battle runs (his battle object's), then +2 its max (the worried rule reads them)",,,src/emu/bn5.h:65
BN5 Team Colonel (USA),5f472f78d8de2df01d5039e045c043cb40969a39,BN5_BATTLE_DECK,ram,0x0203C830,,,,,,"the battle's folder as it is drawn, u16 chip | code << 9 (BN6_BATTLE_DECK)",docs/ROM_DATA.md:56 (BN5's battle for the autopilot and the dev switches); docs/ROM_DATA.md:57 (BN5 DarkChips),"Verify: with BN5 beside BN6, `CYBERWORLD_AUTOPILOT=1 CYBERWORLD_EMU_DEBUG=1 build.py shot --scene emu --run-depth 1 --net-biome x0 --seed 1 --frames 6000` wins its guest battle at 100 HP (Cannon on the Mettaur, the buster on the Powie; where the button pattern the autopilot pressed before was deleted), and the battle step with `--dev quiet,onehit` shows its viruses at 1 HP on the first Custom screen.",src/emu/bn5.h:85
BN5 Team Colonel (USA),5f472f78d8de2df01d5039e045c043cb40969a39,BN5_BATTLE_NAVI,ram,0x0203C880,,,96,,,"the battle's copies of the NaviStats, BN5_BATTLE_NAVI_SIZE a side (0x08010D18), made from them as it begins: ... its buster read from there (0x08010DEE, the object's side), its fields at the NaviStats' offsets",docs/ROM_DATA.md:60 (The run's buster in BN5's battles),"Verify in the game: an Attack+1 run (seed 6's layer-1 gift with `--run-depth 1 --net-biome x0`, placed and RUN in the NaviCust, STATUS then showing Attack LV 2) prints ""guest: battle ..., buster Attack 2, Speed 1, Charge 1"" and ""guest: its battle's buster Attack 2, Speed 1, Charge 1"" with `CYBERWORLD_EMU_DEBUG=1`, and its first shot takes a Mettaur from 40 HP to 38.",src/emu/bn5.h:35
BN5 Team Colonel (USA),5f472f78d8de2df01d5039e045c043cb40969a39,BN5_BATTLE_MOOD,ram,0x0203C88E,,,,,,"u8: MegaMan's mood in battle (side 1's 0x60 on): 1-0x40 worried, 0 dark, 0xFF Full Synchro",,,src/emu/bn5.h:56
BN5 Team Colonel (USA),5f472f78d8de2df01d5039e045c043cb40969a39,BN5_BATTLE_SOUL,field,0x0203C8AC,BN5_BATTLE_NAVI,0x2C,1,,,"u8, MegaMan's side's: the Soul he is united with (its Navi's AI index), 0 none",docs/ROM_DATA.md:62 (BN5's Souls),"Verified in romlab from Lan's room after the intro, a folder of AirHoc Q (Break) owned: with KnightMan's flag 0x000C alone no UNITE stood; with flag 0x0000 too UNITE stood grey under OK, lit with an AirHoc picked, and UNITE then OK united MegaMan with KnightMan's Soul; with flag 0x0236 and DarkDril D picked, Chaos Unison, its charged shot the DarkDril's drill.",src/emu/bn5.h:110
BN5 Team Colonel (USA),5f472f78d8de2df01d5039e045c043cb40969a39,BN5_T3_OBJECTS,ram,0x0203CA40,,,,32,,"its attacks and effects (BN6_T3_OBJECTS), BN6_T1_SIZE each,",docs/ROM_DATA.md:56 (BN5's battle for the autopilot and the dev switches),"Verify: with BN5 beside BN6, `CYBERWORLD_AUTOPILOT=1 CYBERWORLD_EMU_DEBUG=1 build.py shot --scene emu --run-depth 1 --net-biome x0 --seed 1 --frames 6000` wins its guest battle at 100 HP (Cannon on the Mettaur, the buster on the Powie; where the button pattern the autopilot pressed before was deleted), and the battle step with `--dev quiet,onehit` shows its viruses at 1 HP on the first Custom screen.",src/emu/bn5.h:73
BN5 Team Colonel (USA),5f472f78d8de2df01d5039e045c043cb40969a39,BN5_DARK_USED,ram,0x0203E542,,,,,,"+ side * 8: set to 1 as a DarkChip is used, cleared at battle start; gone as the battle leaves (latched)",docs/ROM_DATA.md:57 (BN5 DarkChips),"Verify: with BN5 beside BN6, a guest battle with `--dev darkchips=0x3,worried` (`--talk guest:200`, by hand: use a chip in the first turn) offers DrkSword on the second Custom screen with the cursor on it; used, MegaMan turns dark, and after the battle `CYBERWORLD_EMU_DEBUG=1` prints ""dark: a DarkChip used: max HP 100 -> 80"" (a battle without one prints nothing); a capture with `--talk dark:430` on that layer prints ""xnavi: list 7 0x68 of ... at list 7 160, 4012 bytes"" and shows the purple flame and MegaMan's words.",src/emu/bn5.h:50
BN5 Team Colonel (USA),5f472f78d8de2df01d5039e045c043cb40969a39,map_object_handlers,rom,0x080043CC,,,,,,BN5 map objects: map-object handlers,docs/ROM_DATA.md:63 (BN5 map objects),"Verify: with BN5 beside BN6, `CYBERWORLD_EMU_DEBUG=1 build.py shot --scene emu --net-biome x0 --run-depth 2 --dev pieces=16 --seed 6` prints ""xnavi: list 7 0x1 of ... at list 7 146, 4335 bytes"" and ""blockers: lock 0, kind 5, variant 9, at world 120,108""; a capture with MegaMan put down at 70 100 shows the green cube in a walkway's mouth, and with flag 0x1465 set (`0:flags 0x1465 0x1465 1`) A at it enters the P-Code: it opens its eyes and flickers out.",docs/ROM_DATA.md:63
BN5 Team Colonel (USA),5f472f78d8de2df01d5039e045c043cb40969a39,encounter_check,rom,0x080053FC,,,,,,BN5 guest battles: the encounter check,docs/ROM_DATA.md:55 (BN5 guest battles),"Verify: in `tools/romlab` with BN5's ROM, a state in Lan's room (title, START, NEW GAME, A through the intro), the record `00 36 15 00 00 00 38 00 E2 49 00 00` with an entity list `00 22 00 00 11 25 01 00 F0` and the patch: the next frame is a battle with a Mettaur (enemy id 1, 40 HP); in the game, a BN5 layer whose area names its records (`xbattles`) fights BN5's own formations (group 0x80 map 0: Champy and Mettaur on a yellow field).",docs/ROM_DATA.md:55
BN5 Team Colonel (USA),5f472f78d8de2df01d5039e045c043cb40969a39,battle_start,rom,0x080054F6,,,,,,BN5 guest battles,docs/ROM_DATA.md:55 (BN5 guest battles),"Verify: in `tools/romlab` with BN5's ROM, a state in Lan's room (title, START, NEW GAME, A through the intro), the record `00 36 15 00 00 00 38 00 E2 49 00 00` with an entity list `00 22 00 00 11 25 01 00 F0` and the patch: the next frame is a battle with a Mettaur (enemy id 1, 40 HP); in the game, a BN5 layer whose area names its records (`xbattles`) fights BN5's own formations (group 0x80 map 0: Champy and Mettaur on a yellow field).",docs/ROM_DATA.md:55
BN5 Team Colonel (USA),5f472f78d8de2df01d5039e045c043cb40969a39,BN5_ENEMY_STATS,data,0x0800D17C,,,,,,"per type a pointer, per AI a pointer, per version 6 bytes: u16 element << 12 | HP, version, flags, u16 element << 12 | damage",docs/ROM_DATA.md:55 (BN5 guest battles); docs/ROM_DATA.md:61 (BN5's Navis as guardians),"Verify: in `tools/romlab` with BN5's ROM, a state in Lan's room (title, START, NEW GAME, A through the intro), the record `00 36 15 00 00 00 38 00 E2 49 00 00` with an entity list `00 22 00 00 11 25 01 00 F0` and the patch: the next frame is a battle with a Mettaur (enemy id 1, 40 HP); in the game, a BN5 layer whose area names its records (`xbattles`) fights BN5's own formations (group 0x80 map 0: Champy and Mettaur on a yellow field).",src/emu/bn5.h:12
BN5 Team Colonel (USA),5f472f78d8de2df01d5039e045c043cb40969a39,bn5_souls.emotion,rom,0x08012704,,,,,,BN5's Souls: emotion,docs/ROM_DATA.md:62 (BN5's Souls),"Verified in romlab from Lan's room after the intro, a folder of AirHoc Q (Break) owned: with KnightMan's flag 0x000C alone no UNITE stood; with flag 0x0000 too UNITE stood grey under OK, lit with an AirHoc picked, and UNITE then OK united MegaMan with KnightMan's Soul; with flag 0x0236 and DarkDril D picked, Chaos Unison, its charged shot the DarkDril's drill.",docs/ROM_DATA.md:62
BN5 Team Colonel (USA),5f472f78d8de2df01d5039e045c043cb40969a39,bn5_darkchips.emotion,rom,0x08012705,,,,,,BN5 DarkChips: emotion,docs/ROM_DATA.md:57 (BN5 DarkChips),"Verify: with BN5 beside BN6, a guest battle with `--dev darkchips=0x3,worried` (`--talk guest:200`, by hand: use a chip in the first turn) offers DrkSword on the second Custom screen with the cursor on it; used, MegaMan turns dark, and after the battle `CYBERWORLD_EMU_DEBUG=1` prints ""dark: a DarkChip used: max HP 100 -> 80"" (a battle without one prints nothing); a capture with `--talk dark:430` on that layer prints ""xnavi: list 7 0x68 of ... at list 7 160, 4012 bytes"" and shows the purple flame and MegaMan's words.",docs/ROM_DATA.md:57
BN5 Team Colonel (USA),5f472f78d8de2df01d5039e045c043cb40969a39,BN5_ENEMY_IDS,data,0x08014C8C,,,,,,"(version, type, AI) per enemy id, 3 bytes, as BN6's GetVerActorTyAndAIIdx table: read by the routine before it (0x08014C7C)",docs/ROM_DATA.md:55 (BN5 guest battles),"Verify: in `tools/romlab` with BN5's ROM, a state in Lan's room (title, START, NEW GAME, A through the intro), the record `00 36 15 00 00 00 38 00 E2 49 00 00` with an entity list `00 22 00 00 11 25 01 00 F0` and the patch: the next frame is a battle with a Mettaur (enemy id 1, 40 HP); in the game, a BN5 layer whose area names its records (`xbattles`) fights BN5's own formations (group 0x80 map 0: Champy and Mettaur on a yellow field).",src/emu/bn5.h:11
BN5 Team Colonel (USA),5f472f78d8de2df01d5039e045c043cb40969a39,BN5_BATTLE_TABLES,data,0x0801C968,,,,,,"two pointers, the real world's map groups and the net's (group - 0x80): per group a pointer per map, per map 16-byte BattleSettings records, byte 0 0xFF ending them, +7 a condition",docs/ROM_DATA.md:55 (BN5 guest battles),"Verify: in `tools/romlab` with BN5's ROM, a state in Lan's room (title, START, NEW GAME, A through the intro), the record `00 36 15 00 00 00 38 00 E2 49 00 00` with an entity list `00 22 00 00 11 25 01 00 F0` and the patch: the next frame is a battle with a Mettaur (enemy id 1, 40 HP); in the game, a BN5 layer whose area names its records (`xbattles`) fights BN5's own formations (group 0x80 map 0: Champy and Mettaur on a yellow field).",src/emu/bn5.h:13
BN5 Team Colonel (USA),5f472f78d8de2df01d5039e045c043cb40969a39,BN5_CHIP_RECORDS,data,0x0801E210,,,,,,"(ROM offset) its chips' records, 0x2C each in BN6's ChipData layout: +0..3 the chip's four codes (0-25 A-Z, 26 *, 0xFF none)",docs/ROM_DATA.md:109 (The All * helper); docs/ROM_DATA.md:55 (BN5 guest battles),"Verify: with All *, three Cannon * staged as a first hand's first picks show ""PrgAdvance"" and GigaCan1 (with `0x2A01` left there, three Cannons fire one by one); the gift's TimeBom2 (codes C D E) reads TimeBom2 * in the PET's pack, and a folder's Sword moved to the pack and back reads Sword * there and in the folder.",src/emu/bn5.h:44
BN5 Team Colonel (USA),5f472f78d8de2df01d5039e045c043cb40969a39,BN5_CHIP_KIND,field,0x0801E216,BN5_CHIP_RECORDS,0x06,,,,"a chip record's +6: its kind, 0 Fire, 1 Aqua, 2 Elec, 3 Wood, 4 Recovery, 5 Plus, 6 Sword, 7 Invisible, 8 Cursor, 9 Obstacle, 10 Wind, 11 Break, 12 none",docs/ROM_DATA.md:61 (BN5's Navis as guardians); docs/ROM_DATA.md:62 (BN5's Souls),"Verified in romlab with BN5's ROM: KnightMan's V1 record forced from Lan's room (its GAME OVER bit cleared, the guest's way) ran his battle, KnightMan at 600 HP on panel (6,2) (his battle object `0x0203B2D8`, +0x24 the HP); his V1 stats row written `0x01C2` first spawned him at 450 of 450; with options `0x02` added a won battle showed the results screen with his row's KnightMn K (`0x14FE`), none without; Colonel's V2 (0x03) and the V3s run as battles of their own.",src/emu/bn5.h:96
BN5 Team Colonel (USA),5f472f78d8de2df01d5039e045c043cb40969a39,unite_rule,rom,0x08023C8C,,,,,,BN5's Souls: UNITE's rule,docs/ROM_DATA.md:62 (BN5's Souls),"Verified in romlab from Lan's room after the intro, a folder of AirHoc Q (Break) owned: with KnightMan's flag 0x000C alone no UNITE stood; with flag 0x0000 too UNITE stood grey under OK, lit with an AirHoc picked, and UNITE then OK united MegaMan with KnightMan's Soul; with flag 0x0236 and DarkDril D picked, Chaos Unison, its charged shot the DarkDril's drill.",docs/ROM_DATA.md:62
BN5 Team Colonel (USA),5f472f78d8de2df01d5039e045c043cb40969a39,BN5_UNITE_CHECK,rom,0x08024B2C,,,,,,"the check of the last chip picked: its kind (BN5_CHIP_KIND) a Soul's, that Soul's flag set, not used this battle",docs/ROM_DATA.md:62 (BN5's Souls),"Verified in romlab from Lan's room after the intro, a folder of AirHoc Q (Break) owned: with KnightMan's flag 0x000C alone no UNITE stood; with flag 0x0000 too UNITE stood grey under OK, lit with an AirHoc picked, and UNITE then OK united MegaMan with KnightMan's Soul; with flag 0x0236 and DarkDril D picked, Chaos Unison, its charged shot the DarkDril's drill.",src/emu/bn5.h:101
BN5 Team Colonel (USA),5f472f78d8de2df01d5039e045c043cb40969a39,BN5_SOUL_KINDS,rom,0x08024BE4,,,,,,a byte per Soul 1-12 (its Navi's AI index): the chip kind it unites with (the UNITE check 0x08024B2C),docs/ROM_DATA.md:62 (BN5's Souls),"Verified in romlab from Lan's room after the intro, a folder of AirHoc Q (Break) owned: with KnightMan's flag 0x000C alone no UNITE stood; with flag 0x0000 too UNITE stood grey under OK, lit with an AirHoc picked, and UNITE then OK united MegaMan with KnightMan's Soul; with flag 0x0236 and DarkDril D picked, Chaos Unison, its charged shot the DarkDril's drill.",src/emu/bn5.h:98
BN5 Team Colonel (USA),5f472f78d8de2df01d5039e045c043cb40969a39,BN5_SOUL_FLAGS,rom,0x08024BF4,,,,,,"a byte per Soul 1-12: its event flag, 0xFF none (Team ProtoMan's six in this version)",docs/ROM_DATA.md:62 (BN5's Souls),"Verified in romlab from Lan's room after the intro, a folder of AirHoc Q (Break) owned: with KnightMan's flag 0x000C alone no UNITE stood; with flag 0x0000 too UNITE stood grey under OK, lit with an AirHoc picked, and UNITE then OK united MegaMan with KnightMan's Soul; with flag 0x0236 and DarkDril D picked, Chaos Unison, its charged shot the DarkDril's drill.",src/emu/bn5.h:102
BN5 Team Colonel (USA),5f472f78d8de2df01d5039e045c043cb40969a39,BN5_COMPACT,rom,0x080250EA,,,,,,"the deck's compaction at each Custom screen, after the worried rule (0x08025118): replaced by the shelf (its deck BN5_BATTLE_DECK)",docs/ROM_DATA.md:57 (BN5 DarkChips),"Verify: with BN5 beside BN6, a guest battle with `--dev darkchips=0x3,worried` (`--talk guest:200`, by hand: use a chip in the first turn) offers DrkSword on the second Custom screen with the cursor on it; used, MegaMan turns dark, and after the battle `CYBERWORLD_EMU_DEBUG=1` prints ""dark: a DarkChip used: max HP 100 -> 80"" (a battle without one prints nothing); a capture with `--talk dark:430` on that layer prints ""xnavi: list 7 0x68 of ... at list 7 160, 4012 bytes"" and shows the purple flame and MegaMan's words.",src/emu/bn5.h:49
BN5 Team Colonel (USA),5f472f78d8de2df01d5039e045c043cb40969a39,BN5_PA_STAR_LIMIT,code,0x080252B2,,,,,,"a Program Advance of one chip in codes in a row: cmp r2, #1, one * of its three at most, as BN6's (BN6_PA_STAR_LIMIT)",docs/ROM_DATA.md:109 (The All * helper),"Verify: with All *, three Cannon * staged as a first hand's first picks show ""PrgAdvance"" and GigaCan1 (with `0x2A01` left there, three Cannons fire one by one); the gift's TimeBom2 (codes C D E) reads TimeBom2 * in the PET's pack, and a folder's Sword moved to the pack and back reads Sword * there and in the folder.",src/emu/bn5.h:45
BN5 Team Colonel (USA),5f472f78d8de2df01d5039e045c043cb40969a39,XRomLayout.map_enters,rom,0x08031414,,,,,,"its internet map groups' EnterMapGroup and LoadGFXAnims routines, as BN6's",docs/ROM_DATA.md:82 (Net maps' backdrops and animations),"Verify: in romlab, warped into each BN5 map, its BG palette (`0x05000000`, dumped every 32 frames) changes in those banks and no others; with BN5 beside BN6, `CYBERWORLD_EMU_DEBUG=1` prints ""xbackdrop: ... map 0x90:0's backdrop and animations for 0x90:0"" (0x93:0 for 0x91:1, 0x94:3 for 0x92:0), a capture of `--net-biome x0`, `x2` or `x3` over a few hundred frames shows BN5's backdrop moving and the GFXAnim slots at `0x020094C0` naming the copies, and BN6's own areas (`--seed 11` dresses none) draw frame for frame as without BN5.",src/core/rom.c:303
BN5 Team Colonel (USA),5f472f78d8de2df01d5039e045c043cb40969a39,XRomLayout.map_anims,rom,0x08031468,,,,,,"its internet map groups' EnterMapGroup and LoadGFXAnims routines, as BN6's",docs/ROM_DATA.md:82 (Net maps' backdrops and animations),"Verify: in romlab, warped into each BN5 map, its BG palette (`0x05000000`, dumped every 32 frames) changes in those banks and no others; with BN5 beside BN6, `CYBERWORLD_EMU_DEBUG=1` prints ""xbackdrop: ... map 0x90:0's backdrop and animations for 0x90:0"" (0x93:0 for 0x91:1, 0x94:3 for 0x92:0), a capture of `--net-biome x0`, `x2` or `x3` over a few hundred frames shows BN5's backdrop moving and the GFXAnim slots at `0x020094C0` naming the copies, and BN6's own areas (`--seed 11` dresses none) draw frame for frame as without BN5.",src/core/rom.c:303
BN5 Team Colonel (USA),5f472f78d8de2df01d5039e045c043cb40969a39,XRomLayout.sprite_lists,data,0x0803272C,,,,,,"the ten sprite lists, as BN6's",docs/ROM_DATA.md:54 (Another game's Navis),"Verify: `--net-biome x0` with `CYBERWORLD_EMU_DEBUG=1` prints ""xnavi: navi 60 ... at 72"" and ""xnavi: navi 62 ... at 74""; a bystander there stands and turns in the HeelNavi's shape and speaks with its face, and at `--seed 1 --run-depth 2` ""bystander 0: list 6 74 at 52 -116"" is the orange Navi, who speaks with its own face (`--talk npc`).",src/core/rom.c:303
BN5 Team Colonel (USA),5f472f78d8de2df01d5039e045c043cb40969a39,XRomLayout.map_table_rw,data,0x080331B4,,,,,,"MapBGDescriptor lists per map group, as BN6's (docs/ROM_DATA.md)",docs/ROM_DATA.md:52 (Another game's maps),"Verify: with the ROM beside BN6's, `--atlas DIR:x0` draws its maps, ACDC Town at 0x00:0, Lan's room at 0x01:0, the harbour at 0x03:0 and the internet's from 0x80:0, with their walls, floor heights and triggers counted.",src/core/rom.c:302
BN5 Team Colonel (USA),5f472f78d8de2df01d5039e045c043cb40969a39,XRomLayout.map_table,data,0x080331CC,,,,,,"MapBGDescriptor lists per map group, as BN6's (docs/ROM_DATA.md)",docs/ROM_DATA.md:52 (Another game's maps),"Verify: with the ROM beside BN6's, `--atlas DIR:x0` draws its maps, ACDC Town at 0x00:0, Lan's room at 0x01:0, the harbour at 0x03:0 and the internet's from 0x80:0, with their walls, floor heights and triggers counted.",src/core/rom.c:302
BN5 Team Colonel (USA),5f472f78d8de2df01d5039e045c043cb40969a39,XRomLayout.coord_table_rw,data,0x08033FAC,,,,,,coordinate data lists per map group,docs/ROM_DATA.md:52 (Another game's maps),"Verify: with the ROM beside BN6's, `--atlas DIR:x0` draws its maps, ACDC Town at 0x00:0, Lan's room at 0x01:0, the harbour at 0x03:0 and the internet's from 0x80:0, with their walls, floor heights and triggers counted.",src/core/rom.c:302
BN5 Team Colonel (USA),5f472f78d8de2df01d5039e045c043cb40969a39,XRomLayout.coord_table,data,0x08033FC4,,,,,,coordinate data lists per map group,docs/ROM_DATA.md:52 (Another game's maps),"Verify: with the ROM beside BN6's, `--atlas DIR:x0` draws its maps, ACDC Town at 0x00:0, Lan's room at 0x01:0, the harbour at 0x03:0 and the internet's from 0x80:0, with their walls, floor heights and triggers counted.",src/core/rom.c:302
BN5 Team Colonel (USA),5f472f78d8de2df01d5039e045c043cb40969a39,bn5_map_objects.real_world,rom,0x08034EA4,,,,,,BN5 map objects: the real world's,docs/ROM_DATA.md:63 (BN5 map objects),"Verify: with BN5 beside BN6, `CYBERWORLD_EMU_DEBUG=1 build.py shot --scene emu --net-biome x0 --run-depth 2 --dev pieces=16 --seed 6` prints ""xnavi: list 7 0x1 of ... at list 7 146, 4335 bytes"" and ""blockers: lock 0, kind 5, variant 9, at world 120,108""; a capture with MegaMan put down at 70 100 shows the green cube in a walkway's mouth, and with flag 0x1465 set (`0:flags 0x1465 0x1465 1`) A at it enters the P-Code: it opens its eyes and flickers out.",docs/ROM_DATA.md:63
BN5 Team Colonel (USA),5f472f78d8de2df01d5039e045c043cb40969a39,bn5_map_objects.checks,rom,0x08034F64,,,,,,BN5 map objects: checks,docs/ROM_DATA.md:63 (BN5 map objects),"Verify: with BN5 beside BN6, `CYBERWORLD_EMU_DEBUG=1 build.py shot --scene emu --net-biome x0 --run-depth 2 --dev pieces=16 --seed 6` prints ""xnavi: list 7 0x1 of ... at list 7 146, 4335 bytes"" and ""blockers: lock 0, kind 5, variant 9, at world 120,108""; a capture with MegaMan put down at 70 100 shows the green cube in a walkway's mouth, and with flag 0x1465 set (`0:flags 0x1465 0x1465 1`) A at it enters the P-Code: it opens its eyes and flickers out.",docs/ROM_DATA.md:63
BN5 Team Colonel (USA),5f472f78d8de2df01d5039e045c043cb40969a39,internet_groups_spawners,rom,0x08035060,,,,,,BN5 map objects: the internet groups' spawners,docs/ROM_DATA.md:63 (BN5 map objects),"Verify: with BN5 beside BN6, `CYBERWORLD_EMU_DEBUG=1 build.py shot --scene emu --net-biome x0 --run-depth 2 --dev pieces=16 --seed 6` prints ""xnavi: list 7 0x1 of ... at list 7 146, 4335 bytes"" and ""blockers: lock 0, kind 5, variant 9, at world 120,108""; a capture with MegaMan put down at 70 100 shows the green cube in a walkway's mouth, and with flag 0x1465 set (`0:flags 0x1465 0x1465 1`) A at it enters the P-Code: it opens its eyes and flickers out.",docs/ROM_DATA.md:63
BN5 Team Colonel (USA),5f472f78d8de2df01d5039e045c043cb40969a39,map_music_lists,data,0x080361C8,,,,,,Another game's songs: its map-music lists,docs/ROM_DATA.md:53 (Another game's songs),"Verify: `--net-biome x0` with `CYBERWORLD_EMU_DEBUG=1` prints ""xsong: song 0x13 ... in slot 0x26"" and the music player's song in that space (""music t60 song 089cef4c""); its sound dumped (`CYBERWORLD_AUDIO_DUMP`) does not correlate with BN6's net theme on a Central layer (`--net-biome 0 --seed 2`).",docs/ROM_DATA.md:53
BN5 Team Colonel (USA),5f472f78d8de2df01d5039e045c043cb40969a39,bn5_map_objects.real_world_2,rom,0x0803F360,,,,,,BN5 map objects: the real world's,docs/ROM_DATA.md:63 (BN5 map objects),"Verify: with BN5 beside BN6, `CYBERWORLD_EMU_DEBUG=1 build.py shot --scene emu --net-biome x0 --run-depth 2 --dev pieces=16 --seed 6` prints ""xnavi: list 7 0x1 of ... at list 7 146, 4335 bytes"" and ""blockers: lock 0, kind 5, variant 9, at world 120,108""; a capture with MegaMan put down at 70 100 shows the green cube in a walkway's mouth, and with flag 0x1465 set (`0:flags 0x1465 0x1465 1`) A at it enters the P-Code: it opens its eyes and flickers out.",docs/ROM_DATA.md:63
BN5 Team Colonel (USA),5f472f78d8de2df01d5039e045c043cb40969a39,map_text_archives,data,0x0803F364,,,,,,BN5 map objects: map text archives,docs/ROM_DATA.md:63 (BN5 map objects),"Verify: with BN5 beside BN6, `CYBERWORLD_EMU_DEBUG=1 build.py shot --scene emu --net-biome x0 --run-depth 2 --dev pieces=16 --seed 6` prints ""xnavi: list 7 0x1 of ... at list 7 146, 4335 bytes"" and ""blockers: lock 0, kind 5, variant 9, at world 120,108""; a capture with MegaMan put down at 70 100 shows the green cube in a walkway's mouth, and with flag 0x1465 set (`0:flags 0x1465 0x1465 1`) A at it enters the P-Code: it opens its eyes and flickers out.",docs/ROM_DATA.md:63
BN5 Team Colonel (USA),5f472f78d8de2df01d5039e045c043cb40969a39,XRomLayout.battle_bg_scroll,data,0x0808C39C,,,,,,"its battle backgrounds' tables, as BN6's",,,src/core/rom.c:303
BN5 Team Colonel (USA),5f472f78d8de2df01d5039e045c043cb40969a39,XRomLayout.battle_bgs,data,0x0808C5E8,,,,,,"its battle backgrounds' tables, as BN6's",,,src/core/rom.c:303
BN5 Team Colonel (USA),5f472f78d8de2df01d5039e045c043cb40969a39,XRomLayout.battle_bg_anims,data,0x0808C9DC,,,,,,"its battle backgrounds' tables, as BN6's",,,src/core/rom.c:303
BN5 Team Colonel (USA),5f472f78d8de2df01d5039e045c043cb40969a39,map_object_table,rom,0x080AD930,,,,,,BN5 map objects,docs/ROM_DATA.md:63 (BN5 map objects),"Verify: with BN5 beside BN6, `CYBERWORLD_EMU_DEBUG=1 build.py shot --scene emu --net-biome x0 --run-depth 2 --dev pieces=16 --seed 6` prints ""xnavi: list 7 0x1 of ... at list 7 146, 4335 bytes"" and ""blockers: lock 0, kind 5, variant 9, at world 120,108""; a capture with MegaMan put down at 70 100 shows the green cube in a walkway's mouth, and with flag 0x1465 set (`0:flags 0x1465 0x1465 1`) A at it enters the P-Code: it opens its eyes and flickers out.",docs/ROM_DATA.md:63
BN5 Team Colonel (USA),5f472f78d8de2df01d5039e045c043cb40969a39,handler_3_records,data,0x080AE2FC,,,,,,BN5 map objects: handler 3's records,docs/ROM_DATA.md:63 (BN5 map objects),"Verify: with BN5 beside BN6, `CYBERWORLD_EMU_DEBUG=1 build.py shot --scene emu --net-biome x0 --run-depth 2 --dev pieces=16 --seed 6` prints ""xnavi: list 7 0x1 of ... at list 7 146, 4335 bytes"" and ""blockers: lock 0, kind 5, variant 9, at world 120,108""; a capture with MegaMan put down at 70 100 shows the green cube in a walkway's mouth, and with flag 0x1465 set (`0:flags 0x1465 0x1465 1`) A at it enters the P-Code: it opens its eyes and flickers out.",docs/ROM_DATA.md:63
BN5 Team Colonel (USA),5f472f78d8de2df01d5039e045c043cb40969a39,navis_stats,data,0x080F2488,,,,,,BN5's Navis as guardians: its Navis' stats,docs/ROM_DATA.md:61 (BN5's Navis as guardians),"Verified in romlab with BN5's ROM: KnightMan's V1 record forced from Lan's room (its GAME OVER bit cleared, the guest's way) ran his battle, KnightMan at 600 HP on panel (6,2) (his battle object `0x0203B2D8`, +0x24 the HP); his V1 stats row written `0x01C2` first spawned him at 450 of 450; with options `0x02` added a won battle showed the results screen with his row's KnightMn K (`0x14FE`), none without; Colonel's V2 (0x03) and the V3s run as battles of their own.",docs/ROM_DATA.md:61
BN5 Team Colonel (USA),5f472f78d8de2df01d5039e045c043cb40969a39,BN5_ROLL,code,0x0810F6B4,,,,,,the encounter roll the check calls each frame on a net map: returns a BattleSettings* (0 none),docs/ROM_DATA.md:55 (BN5 guest battles),"Verify: in `tools/romlab` with BN5's ROM, a state in Lan's room (title, START, NEW GAME, A through the intro), the record `00 36 15 00 00 00 38 00 E2 49 00 00` with an entity list `00 22 00 00 11 25 01 00 F0` and the patch: the next frame is a battle with a Mettaur (enemy id 1, 40 HP); in the game, a BN5 layer whose area names its records (`xbattles`) fights BN5's own formations (group 0x80 map 0: Champy and Mettaur on a yellow field).",src/emu/bn5.h:10
BN5 Team Colonel (USA),5f472f78d8de2df01d5039e045c043cb40969a39,BN5_REWARD_ROWS,data,0x081100D4,,,,,,"the reward rows: 20 u16 per enemy id, 0x28 apart, as BN6's are (its chooser 0x0810FB18 matches BN6's 0x080AC150)",,,src/emu/bn5.h:23
BN5 Team Colonel (USA),5f472f78d8de2df01d5039e045c043cb40969a39,BN5_STORY_BATTLES,data,0x08113CD8,,,,,,"its story's battle records by number, 16 bytes each (its Navis' V1-V3 among them: KnightMan V1 0x21)",docs/ROM_DATA.md:61 (BN5's Navis as guardians),"Verified in romlab with BN5's ROM: KnightMan's V1 record forced from Lan's room (its GAME OVER bit cleared, the guest's way) ran his battle, KnightMan at 600 HP on panel (6,2) (his battle object `0x0203B2D8`, +0x24 the HP); his V1 stats row written `0x01C2` first spawned him at 450 of 450; with options `0x02` added a won battle showed the results screen with his row's KnightMn K (`0x14FE`), none without; Colonel's V2 (0x03) and the V3s run as battles of their own.",src/emu/bn5.h:92
BN5 Team Colonel (USA),5f472f78d8de2df01d5039e045c043cb40969a39,XRomLayout.song_table,data,0x08155BF4,,,,,,"MP2K songs: (header, player, player), as BN6's",docs/ROM_DATA.md:53 (Another game's songs),"Verify: `--net-biome x0` with `CYBERWORLD_EMU_DEBUG=1` prints ""xsong: song 0x13 ... in slot 0x26"" and the music player's song in that space (""music t60 song 089cef4c""); its sound dumped (`CYBERWORLD_AUDIO_DUMP`) does not correlate with BN6's net theme on a Central layer (`--net-biome 0 --seed 2`).",src/core/rom.c:302
BN5 Team Colonel (USA),5f472f78d8de2df01d5039e045c043cb40969a39,bn5_darkchips.lz77,rom,0x084A3300,,,,,,BN5 DarkChips: LZ77,docs/ROM_DATA.md:57 (BN5 DarkChips),"Verify: with BN5 beside BN6, a guest battle with `--dev darkchips=0x3,worried` (`--talk guest:200`, by hand: use a chip in the first turn) offers DrkSword on the second Custom screen with the cursor on it; used, MegaMan turns dark, and after the battle `CYBERWORLD_EMU_DEBUG=1` prints ""dark: a DarkChip used: max HP 100 -> 80"" (a battle without one prints nothing); a capture with `--talk dark:430` on that layer prints ""xnavi: list 7 0x68 of ... at list 7 160, 4012 bytes"" and shows the purple flame and MegaMan's words.",docs/ROM_DATA.md:57
BN5 Team Colonel (USA),5f472f78d8de2df01d5039e045c043cb40969a39,BN5_CHIP_NAMES_LOW,data,0x08736084,,,,,,"(ROM offsets) the chip names' text archives: ids 0-255, ... and 256 on",,,src/emu/bn5.h:41
BN5 Team Colonel (USA),5f472f78d8de2df01d5039e045c043cb40969a39,BN5_CHIP_NAMES_HIGH,data,0x08736AB8,,,,,,"(ROM offsets) the chip names' text archives: ids 0-255, ... and 256 on",,,src/emu/bn5.h:42
BN5 Team Colonel (USA),5f472f78d8de2df01d5039e045c043cb40969a39,key_item_names,rom,0x08759B0C,,,,,,BN5 map objects: key item names,docs/ROM_DATA.md:63 (BN5 map objects),"Verify: with BN5 beside BN6, `CYBERWORLD_EMU_DEBUG=1 build.py shot --scene emu --net-biome x0 --run-depth 2 --dev pieces=16 --seed 6` prints ""xnavi: list 7 0x1 of ... at list 7 146, 4335 bytes"" and ""blockers: lock 0, kind 5, variant 9, at world 120,108""; a capture with MegaMan put down at 70 100 shows the green cube in a walkway's mouth, and with flag 0x1465 set (`0:flags 0x1465 0x1465 1`) A at it enters the P-Code: it opens its eyes and flickers out.",docs/ROM_DATA.md:63
BN5 Team Colonel (USA),5f472f78d8de2df01d5039e045c043cb40969a39,BN5_BUSTER_MAX,constant,,,,,,0x04,the buster's highest level less one,,,src/emu/bn5.h:34
BN5 Team Colonel (USA),5f472f78d8de2df01d5039e045c043cb40969a39,BN5_CHIPS,constant,,,,,,0x01A8,its chip ids,,,src/emu/bn5.h:43
BN5 Team Colonel (USA),5f472f78d8de2df01d5039e045c043cb40969a39,BN5_CHIP_KEY_XOR,constant,,,,,,0x81,the marks' XOR (BN6's 0x17),,,src/emu/bn5.h:40
BN5 Team Colonel (USA),5f472f78d8de2df01d5039e045c043cb40969a39,BN5_DARK_FIRST,constant,,,,,,0xBB,"its DarkChips (docs/ROM_DATA.md, BN5 guest battles; .build research): ids 187-198, folder chips as any, at most three in a folder (one of each)",,,src/emu/bn5.h:48
BN5 Team Colonel (USA),5f472f78d8de2df01d5039e045c043cb40969a39,BN5_FREE,constant,,,,,,0x08800000,the guest's ROM copy past BN5's 8 MB: its record copies,,,src/emu/bn5.h:29
BN5 Team Colonel (USA),5f472f78d8de2df01d5039e045c043cb40969a39,BN5_MEGAMAN_READY,constant,,,,,,0x06,"MegaMan's action (BN6_T1_ACTION) when he can act, BN6's 0x08 (0x10 a step, 0x14 a chip, 0x03 hit); his chip (BN6_T1_CHIP) is 0xFFFF as its use begins",docs/ROM_DATA.md:56 (BN5's battle for the autopilot and the dev switches),"Verify: with BN5 beside BN6, `CYBERWORLD_AUTOPILOT=1 CYBERWORLD_EMU_DEBUG=1 build.py shot --scene emu --run-depth 1 --net-biome x0 --seed 1 --frames 6000` wins its guest battle at 100 HP (Cannon on the Mettaur, the buster on the Powie; where the button pattern the autopilot pressed before was deleted), and the battle step with `--dev quiet,onehit` shows its viruses at 1 HP on the first Custom screen.",src/emu/bn5.h:75
BN5 Team Colonel (USA),5f472f78d8de2df01d5039e045c043cb40969a39,BN5_NAVI_COLONEL,constant,,,,,,0x07,"Team Colonel's Navis, by AI index: their Souls are the six its MegaMan unites with (BN5_SOUL_FLAGS)",,,src/emu/bn5.h:113
BN5 Team Colonel (USA),5f472f78d8de2df01d5039e045c043cb40969a39,BN5_NAVI_KNIGHTMAN,constant,,,,,,0x0B,"Team Colonel's Navis, by AI index: their Souls are the six its MegaMan unites with (BN5_SOUL_FLAGS)",,,src/emu/bn5.h:113
BN5 Team Colonel (USA),5f472f78d8de2df01d5039e045c043cb40969a39,BN5_NAVI_NUMBERMAN,constant,,,,,,0x09,"Team Colonel's Navis, by AI index: their Souls are the six its MegaMan unites with (BN5_SOUL_FLAGS)",,,src/emu/bn5.h:113
BN5 Team Colonel (USA),5f472f78d8de2df01d5039e045c043cb40969a39,BN5_NAVI_SHADOWMAN,constant,,,,,,0x08,"Team Colonel's Navis, by AI index: their Souls are the six its MegaMan unites with (BN5_SOUL_FLAGS)",,,src/emu/bn5.h:113
BN5 Team Colonel (USA),5f472f78d8de2df01d5039e045c043cb40969a39,BN5_NAVI_TOADMAN,constant,,,,,,0x0C,"Team Colonel's Navis, by AI index: their Souls are the six its MegaMan unites with (BN5_SOUL_FLAGS)",,,src/emu/bn5.h:113
BN5 Team Colonel (USA),5f472f78d8de2df01d5039e045c043cb40969a39,BN5_NAVI_TOMAHAWKMAN,constant,,,,,,0x0A,"Team Colonel's Navis, by AI index: their Souls are the six its MegaMan unites with (BN5_SOUL_FLAGS)",,,src/emu/bn5.h:113
BN5 Team Colonel (USA),5f472f78d8de2df01d5039e045c043cb40969a39,BN5_NAVI_TYPE,constant,,,,,,0x01,a Navi's type in the ids table,docs/ROM_DATA.md:61 (BN5's Navis as guardians),"Verified in romlab with BN5's ROM: KnightMan's V1 record forced from Lan's room (its GAME OVER bit cleared, the guest's way) ran his battle, KnightMan at 600 HP on panel (6,2) (his battle object `0x0203B2D8`, +0x24 the HP); his V1 stats row written `0x01C2` first spawned him at 450 of 450; with options `0x02` added a won battle showed the results screen with his row's KnightMn K (`0x14FE`), none without; Colonel's V2 (0x03) and the V3s run as battles of their own.",src/emu/bn5.h:91
BN5 Team Colonel (USA),5f472f78d8de2df01d5039e045c043cb40969a39,BN5_OPT_GAME_OVER,constant,,,,,,0x0100,BattleSettings +8 options: a loss plays GAME OVER (GetBattleEffects 0x0802B3F2),,,src/emu/bn5.h:27
BN5 Team Colonel (USA),5f472f78d8de2df01d5039e045c043cb40969a39,BN5_OPT_RESULTS,constant,,,,,,0x02,BattleSettings +8 options: its results screen and reward after a win (a V1 story record lacks it),docs/ROM_DATA.md:61 (BN5's Navis as guardians),"Verified in romlab with BN5's ROM: KnightMan's V1 record forced from Lan's room (its GAME OVER bit cleared, the guest's way) ran his battle, KnightMan at 600 HP on panel (6,2) (his battle object `0x0203B2D8`, +0x24 the HP); his V1 stats row written `0x01C2` first spawned him at 450 of 450; with options `0x02` added a won battle showed the results screen with his row's KnightMn K (`0x14FE`), none without; Colonel's V2 (0x03) and the V3s run as battles of their own.",src/emu/bn5.h:94
BN5 Team Colonel (USA),5f472f78d8de2df01d5039e045c043cb40969a39,BN5_OPT_RUN,constant,,,,,,0x20,"BattleSettings +8 options: running allowed (its random battles), as BN6's",docs/ROM_DATA.md:61 (BN5's Navis as guardians),"Verified in romlab with BN5's ROM: KnightMan's V1 record forced from Lan's room (its GAME OVER bit cleared, the guest's way) ran his battle, KnightMan at 600 HP on panel (6,2) (his battle object `0x0203B2D8`, +0x24 the HP); his V1 stats row written `0x01C2` first spawned him at 450 of 450; with options `0x02` added a won battle showed the results screen with his row's KnightMn K (`0x14FE`), none without; Colonel's V2 (0x03) and the V3s run as battles of their own.",src/emu/bn5.h:95
BN5 Team Colonel (USA),5f472f78d8de2df01d5039e045c043cb40969a39,BN5_REWARD_HP,constant,,,,,,0x02,"u16: what the results screen gave, as BN6's rewards are (bits 14-15: 0 a chip, its id and code << 9; 1 zenny; ... 2 HP restored on the results screen, into BattleState +0x34 too: ""HP+50"")",docs/ROM_DATA.md:55 (BN5 guest battles),"Verify: in `tools/romlab` with BN5's ROM, a state in Lan's room (title, START, NEW GAME, A through the intro), the record `00 36 15 00 00 00 38 00 E2 49 00 00` with an entity list `00 22 00 00 11 25 01 00 F0` and the patch: the next frame is a battle with a Mettaur (enemy id 1, 40 HP); in the game, a BN5 layer whose area names its records (`xbattles`) fights BN5's own formations (group 0x80 map 0: Champy and Mettaur on a yellow field).",src/emu/bn5.h:22
BN5 Team Colonel (USA),5f472f78d8de2df01d5039e045c043cb40969a39,BN5_STORY_BATTLE_COUNT,constant,,,,,,0x69,the records there,,,src/emu/bn5.h:93
BN5 Team Colonel (USA),5f472f78d8de2df01d5039e045c043cb40969a39,BN5_T1_COUNT,count,,BN5_T1_OBJECTS,,,,0x10,"its viruses and MegaMan (BattleObject, BN6_T1_SIZE each, BN6_T1_* its fields; MegaMan the first), ... 16 of them where BN6 keeps 32 (its list's descriptor at 0x080032E4)",,,src/emu/bn5.h:72
BN5 Team Colonel (USA),5f472f78d8de2df01d5039e045c043cb40969a39,BN5_T3_COUNT,count,,BN5_T3_OBJECTS,,,,0x20,32 of them,,,src/emu/bn5.h:74
BN5 Team Colonel (USA),5f472f78d8de2df01d5039e045c043cb40969a39,BN5_FLAG_CHAOS,flag,,,,,,0x0236,Chaos Unison: a DarkChip of a held Soul's kind unites too (the check at 0x08024B80),docs/ROM_DATA.md:62 (BN5's Souls),"Verified in romlab from Lan's room after the intro, a folder of AirHoc Q (Break) owned: with KnightMan's flag 0x000C alone no UNITE stood; with flag 0x0000 too UNITE stood grey under OK, lit with an AirHoc picked, and UNITE then OK united MegaMan with KnightMan's Soul; with flag 0x0236 and DarkDril D picked, Chaos Unison, its charged shot the DarkDril's drill.",src/emu/bn5.h:106
BN5 Team Colonel (USA),5f472f78d8de2df01d5039e045c043cb40969a39,BN5_FLAG_DOUBLE_SOUL,flag,,,,,,0x00,"Double Soul learned: UNITE stands under OK (0x08023C8C), while MegaMan is neither worried nor dark",docs/ROM_DATA.md:62 (BN5's Souls),"Verified in romlab from Lan's room after the intro, a folder of AirHoc Q (Break) owned: with KnightMan's flag 0x000C alone no UNITE stood; with flag 0x0000 too UNITE stood grey under OK, lit with an AirHoc picked, and UNITE then OK united MegaMan with KnightMan's Soul; with flag 0x0236 and DarkDril D picked, Chaos Unison, its charged shot the DarkDril's drill.",src/emu/bn5.h:104
BN5 Team Colonel (USA),5f472f78d8de2df01d5039e045c043cb40969a39,BN5_FLAG_SOUL,flag,,,,,,0x08,+ k: Team Colonel's Soul k held (0 Colonel's .. 5 ToadMan's: BN5_SOUL_FLAGS' 7-12),docs/ROM_DATA.md:62 (BN5's Souls),"Verified in romlab from Lan's room after the intro, a folder of AirHoc Q (Break) owned: with KnightMan's flag 0x000C alone no UNITE stood; with flag 0x0000 too UNITE stood grey under OK, lit with an AirHoc picked, and UNITE then OK united MegaMan with KnightMan's Soul; with flag 0x0236 and DarkDril D picked, Chaos Unison, its charged shot the DarkDril's drill.",src/emu/bn5.h:105
BN5 Team Colonel (USA),5f472f78d8de2df01d5039e045c043cb40969a39,BN5_BATTLE_NAVI_SIZE,size,,BN5_BATTLE_NAVI,,,,0x60,"the battle's copies of the NaviStats, BN5_BATTLE_NAVI_SIZE a side (0x08010D18), made from them as it begins: ... its buster read from there (0x08010DEE, the object's side), its fields at the NaviStats' offsets",,,src/emu/bn5.h:36
BN5 Team Colonel (USA),5f472f78d8de2df01d5039e045c043cb40969a39,BN5_PANEL_SIZE,size,,BN5_FIELD_PANELS,,,,0x24,"its field's panels, 8 a row from column 0, rows 0-4, each ... this long (BN6's 0x20): type and alliance at BN6_PANEL_TYPE and BN6_PANEL_ALLIANCE, ... and its flags here, u32 (BN6's at +0x14), BN6_PANEL_STRUCK while an enemy's attack is on it",,,src/emu/bn5.h:77
BN5 Team Colonel (USA),5f472f78d8de2df01d5039e045c043cb40969a39,BN5_MODE_GAME,value,,BN5_TOOLKIT,,,,0x04,"BN5_TOOLKIT: the game (the main mode, the index eToolkit +0 points at)",,,src/emu/bn5.h:115
BN5 Team Colonel (USA),5f472f78d8de2df01d5039e045c043cb40969a39,BN5_MODE_GAME_OVER,value,,BN5_TOOLKIT,,,,0x14,BN5_TOOLKIT: its GAME OVER,,,src/emu/bn5.h:116
BN5 Team Colonel (USA),5f472f78d8de2df01d5039e045c043cb40969a39,BN5_PHASE_CUSTOM,value,,BN5_BATTLE_PHASE,,,,0x08,BN5_BATTLE_PHASE: the Custom screen,,,src/emu/bn5.h:61
BN5 Team Colonel (USA),5f472f78d8de2df01d5039e045c043cb40969a39,BN5_PHASE_FIGHT,value,,BN5_BATTLE_PHASE,,,,0x0C,BN5_BATTLE_PHASE: fighting,,,src/emu/bn5.h:62
BN5 Team Colonel (USA),5f472f78d8de2df01d5039e045c043cb40969a39,BN5_PHASE_INTRO,value,,BN5_BATTLE_PHASE,,,,0x00,"BN5_BATTLE_PHASE: the battle's opening, which sets the mood to 0x80, calm, once its first frames are done",,,src/emu/bn5.h:60
BN5 Team Colonel (USA),5f472f78d8de2df01d5039e045c043cb40969a39,BN5_RESULT_ESCAPED,value,,BN5_BATTLE_RESULT,,,,0x04,BN5_BATTLE_RESULT (its +1): escaped,,,src/emu/bn5.h:26
BN5 Team Colonel (USA),5f472f78d8de2df01d5039e045c043cb40969a39,BN5_RESULT_LOST,value,,BN5_BATTLE_RESULT,,,,0x02,BN5_BATTLE_RESULT (its +1): lost,,,src/emu/bn5.h:25
BN5 Team Colonel (USA),5f472f78d8de2df01d5039e045c043cb40969a39,BN5_RESULT_WON,value,,BN5_BATTLE_RESULT,,,,0x01,BN5_BATTLE_RESULT (its +1): won,,,src/emu/bn5.h:24
BN5 Team Colonel (USA),5f472f78d8de2df01d5039e045c043cb40969a39,BN5_SUB_BATTLE,value,,BN5_GAMESTATE,,,,0x0C,BN5_GAMESTATE: in battle,,,src/emu/bn5.h:119
BN5 Team Colonel (USA),5f472f78d8de2df01d5039e045c043cb40969a39,BN5_SUB_BATTLE_INIT,value,,BN5_GAMESTATE,,,,0x08,BN5_GAMESTATE: a battle beginning,,,src/emu/bn5.h:118
BN5 Team Colonel (USA),5f472f78d8de2df01d5039e045c043cb40969a39,BN5_SUB_MAP,value,,BN5_GAMESTATE,,,,0x04,BN5_GAMESTATE: on the map,,,src/emu/bn5.h:117
BN5 Team Colonel (USA),5f472f78d8de2df01d5039e045c043cb40969a39,BN5_WINDOW_OPEN,value,,BN5_CUSTOM_WINDOW,,,,0x78,BN5_CUSTOM_WINDOW: open,,,src/emu/bn5.h:84
BN5 Team Colonel (USA),5f472f78d8de2df01d5039e045c043cb40969a39,BN5_RECORD_BACKDROP,field,,BattleSettings,0x04,,,,"BattleSettings +4: its background's number, 0xFF the map's (its routine 0x0808CAE8, a byte per map at 0x0808CB1C)",docs/ROM_DATA.md:55 (BN5 guest battles),"Verify: in `tools/romlab` with BN5's ROM, a state in Lan's room (title, START, NEW GAME, A through the intro), the record `00 36 15 00 00 00 38 00 E2 49 00 00` with an entity list `00 22 00 00 11 25 01 00 F0` and the patch: the next frame is a battle with a Mettaur (enemy id 1, 40 HP); in the game, a BN5 layer whose area names its records (`xbattles`) fights BN5's own formations (group 0x80 map 0: Champy and Mettaur on a yellow field).",src/emu/bn5.h:28
